iso_code,continent,location,total_cases,total_deaths,total_cases_per_million,total_deaths_per_million,total_tests,total_tests_per_thousand,population,population_density,median_age,aged_65_older,aged_70_older,gdp_per_capita,cardiovasc_death_rate,diabetes_prevalence,hospital_beds_per_thousand,life_expectancy,human_development_index,Wellcome Global Monitor Trust in Scientists Index (recoded into 3 categories) High Trust,"Q11E How much do you trust each of the following? How about doctors and nurses in this country? Do you trust them a lot, some, not much, or not at all? A lot","Q11B How much do you trust each of the following? How about the national government in this country? Do you trust them a lot, some, not much, or not at all? A lot"
AFG,Asia,Afghanistan,45616,1752,1171.794,45.006,0,0,38928341,54.422,18.6,2.581,1.337,1803.987,597.029,9.59,0.5,64.83,0.498,0.10401735,0.430347676,0.180723105
ALB,Europe,Albania,36245,771,12594.69,267.913,0,0,2877800,104.871,38,13.188,8.643,11803.431,304.195,10.08,2.89,78.57,0.785,0.10207995,0.274931722,0.149998516
DZA,Africa,Algeria,79110,2352,1804.062,53.636,0,0,43851043,17.348,29.1,6.211,3.857,13913.839,278.364,6.73,1.9,76.88,0.754,0.047079151,0.198365922,0.108691446
AND,Europe,Andorra,6610,76,85549.731,983.628,0,0,77265,163.755,46.2,17.4,17.4,42030,109.135,7.97,2.5,83.73,0.858,0.047079151,0.198365922,0.108691446
AGO,Africa,Angola,14821,340,450.949,10.345,0,0,32866268,23.89,16.8,2.405,1.362,5819.495,276.045,3.94,2.5,61.15,0.581,0.047079151,0.198365922,0.108691446
ATG,North America,Antigua and Barbuda,141,4,1439.833,40.846,0,0,97928,231.845,32.1,6.933,4.631,21490.943,191.511,13.17,3.8,77.02,0.78,0.047079151,0.198365922,0.108691446
ARG,South America,Argentina,1407264,38203,31137.068,845.278,0,0,45195777,16.177,31.9,11.198,7.441,18933.907,191.032,5.5,5,76.67,0.825,0.207100559,0.511716523,0.086630996
ARM,Asia,Armenia,133594,2121,45083.851,715.772,0,0,2963234,102.931,35.7,11.232,7.571,8787.58,341.01,7.11,4.2,75.09,0.755,0.05908434,0.155184658,0.316051928
AUS,Oceania,Australia,27874,907,1093.103,35.569,9872011,387.139,25499881,3.202,37.9,15.504,10.129,44648.71,107.791,5.07,3.84,83.44,0.939,0.334523019,0.653095522,0.067847692
AUT,Europe,Austria,269510,2764,29924.276,306.893,3020862,335.413,9006400,106.749,44.4,19.202,13.748,45436.686,145.183,6.35,7.37,81.54,0.908,0.217151842,0.654411882,0.184031229
AZE,Asia,Azerbaijan,109813,1291,10830.566,127.328,0,0,10139175,119.309,32.4,6.018,3.871,15847.419,559.812,7.11,4.7,73,0.757,0.184621283,0.328230431,0.534392017
BHS,North America,Bahamas,7496,163,19061.763,414.497,0,0,393248,39.497,34.3,8.996,5.2,27717.847,235.954,13.17,2.9,73.92,0.807,0.184621283,0.328230431,0.534392017
BHR,Asia,Bahrain,86515,341,50843.832,200.402,2025774,1190.523,1701583,1935.907,32.4,2.372,1.387,43290.705,151.689,16.52,2,77.29,0.846,0.184621283,0.328230431,0.534392017
BGD,Asia,Bangladesh,458711,6544,2785.31,39.735,2711029,16.461,164689383,1265.036,27.5,5.098,3.262,3523.984,298.003,8.38,0.8,72.59,0.608,0.216325915,0.436373223,0.419932579
BRB,North America,Barbados,270,7,939.552,24.359,0,0,287371,664.463,39.8,14.952,9.473,16978.068,170.05,13.57,5.8,79.19,0.8,0.216325915,0.436373223,0.419932579
BLR,Europe,Belarus,131633,1136,13930.419,120.22,3091238,327.139,9449321,46.858,40.3,14.799,9.788,17167.967,443.129,5.18,11,74.79,0.808,0.067223173,0.181574638,0.130007377
BEL,Europe,Belgium,569546,16243,49142.784,1401.513,5792769,499.824,11589616,375.564,41.8,18.571,12.849,42658.576,114.898,4.29,5.64,81.63,0.916,0.423667807,0.784771478,0.205890079
BLZ,North America,Belize,5587,141,14051.069,354.609,0,0,397621,16.426,25,3.853,2.279,7824.362,176.957,17.11,1.3,74.62,0.708,0.423667807,0.784771478,0.205890079
BEN,Africa,Benin,2974,43,245.315,3.547,0,0,12123198,99.11,18.8,3.244,1.942,2064.236,235.848,0.99,0.5,61.77,0.515,0.13693424,0.227032101,0.205663564
BMU,North America,Bermuda,224,9,3597.065,144.525,0,0,62273,1308.82,43.6,19.74,19.74,50669.315,139.547,13,6.3,82.59,0.981,0.13693424,0.227032101,0.205663564
BTN,Asia,Bhutan,395,0,511.915,0,0,0,771612,21.188,28.6,4.885,2.977,8708.597,217.066,9.75,1.7,71.78,0.612,0.13693424,0.227032101,0.205663564
BOL,South America,Bolivia,144494,8943,12378.45,766.125,357606,30.635,11673029,10.202,25.4,6.704,4.393,6885.829,204.299,6.89,1.1,71.51,0.693,0.05369314,0.180300708,0.148526585
BIH,Europe,Bosnia and Herzegovina,85431,2542,26039.566,774.807,0,0,3280815,68.496,42.5,16.569,10.711,11713.895,329.635,10.08,3.5,77.4,0.768,0.024642455,0.208079231,0.022626747
BWA,Africa,Botswana,9992,31,4248.977,13.182,0,0,2351625,4.044,25.8,3.941,2.242,15807.374,237.372,4.81,1.8,69.59,0.717,0.200807123,0.471145232,0.407586228
BRA,South America,Brazil,6238350,171974,29348.736,809.063,6421441,30.21,212559409,25.04,33.5,8.552,5.06,14103.452,177.961,8.11,2.2,75.88,0.759,0.13189672,0.252656215,0.02643153
BRN,Asia,Brunei,150,3,342.87,6.857,0,0,437483,81.347,32.4,4.591,2.382,71809.251,201.285,12.79,2.7,75.86,0.853,0.13189672,0.252656215,0.02643153
BGR,Europe,Bulgaria,139955,3680,20141.917,529.615,959533,138.093,6948445,65.18,44.7,20.801,13.272,18563.307,424.688,5.81,7.454,75.05,0.813,0.112216443,0.278464069,0.059397445
BFA,Africa,Burkina Faso,2777,68,132.85,3.253,0,0,20903278,70.151,17.6,2.409,1.358,1703.102,269.048,2.42,0.4,61.58,0.423,0.129634296,0.389901639,0.256063594
BDI,Africa,Burundi,677,1,56.935,0.084,0,0,11890781,423.062,17.5,2.562,1.504,702.225,293.068,6.05,0.8,61.58,0.417,0.158938076,0.525427454,0.493485243
KHM,Asia,Cambodia,307,0,18.362,0,0,0,16718971,90.672,25.6,4.412,2.385,3645.07,270.892,4,0.8,69.82,0.582,0.061952923,0.292351772,0.493485243
CMR,Africa,Cameroon,24022,437,904.924,16.462,0,0,26545864,50.885,18.8,3.165,1.919,3364.926,244.661,7.2,1.3,59.29,0.556,0.128914359,0.283155088,0.242700561
CAN,North America,Canada,359064,11894,9513.606,315.138,11169813,295.951,37742157,4.037,41.4,16.984,10.797,44017.591,105.599,7.37,2.5,82.43,0.926,0.281794088,0.611201792,0.152414672
CPV,Africa,Cape Verde,10526,104,18932.063,187.054,0,0,555988,135.58,25.7,4.46,3.437,6222.554,182.219,2.42,2.1,72.98,0.654,0.281794088,0.611201792,0.152414672
CAF,Africa,Central African Republic,4913,63,1017.234,13.044,0,0,4829764,7.479,18.3,3.655,2.251,661.24,435.727,6.1,1,53.28,0.367,0.281794088,0.611201792,0.152414672
TCD,Africa,Chad,1661,101,101.121,6.149,0,0,16425859,11.833,16.7,2.486,1.446,1768.153,280.995,6.1,0.4,54.24,0.404,0.100658256,0.201490872,0.192559512
CHL,South America,Chile,547223,15278,28626.126,799.217,5166772,270.282,19116209,24.282,35.4,11.087,6.938,22767.037,127.993,8.46,2.11,80.18,0.843,0.151782078,0.32369731,0.120858491
CHN,Asia,China,91790,4739,63.773,3.293,160000000,111.163,1439323774,147.674,38.7,10.641,5.929,15308.712,261.899,9.74,4.34,76.91,0.752,0.187716664,0.251407657,0.120858491
COL,South America,Colombia,1290510,36214,25362.36,711.713,4707099,92.508,50882884,44.223,32.2,7.646,4.312,13254.949,124.24,7.44,1.71,77.29,0.747,0.103615875,0.27329448,0.053921442
COM,Africa,Comoros,610,7,701.476,8.05,0,0,869595,437.352,20.4,2.963,1.726,1413.89,261.516,11.88,2.2,64.32,0.503,0.106113942,0.205327954,0.104438654
COG,Africa,Congo,5632,93,1020.643,16.854,0,0,5518092,15.405,19,3.402,2.063,4881.406,344.094,7.2,0.8,64.57,0.606,0.106113942,0.205327954,0.104438654
CRI,North America,Costa Rica,137093,1690,26912.04,331.755,242306,47.566,5094114,96.079,33.6,9.468,5.694,15524.995,137.973,8.78,1.13,80.28,0.794,0.218144166,0.444343544,0.182807663
HRV,Europe,Croatia,119706,1600,29159.119,389.743,724820,176.559,4105268,73.726,44,19.724,13.053,22669.797,253.782,5.59,5.54,78.49,0.831,0.146139881,0.513371268,0.09507479
CUB,North America,Cuba,8110,133,716.013,11.742,1072107,94.654,11326616,110.408,43.1,14.738,9.719,8821,190.968,8.27,5.2,78.8,0.777,0.146139881,0.513371268,0.09507479
CYP,Europe,Cyprus,9983,48,11397.433,54.801,602291,687.626,875899,127.657,37.3,13.416,8.563,32415.132,141.171,9.24,3.4,80.98,0.869,0.1878997,0.284514562,0.141033379
CZE,Europe,Czech Republic,515984,7967,48182.358,743.955,3000834,280.217,10708982,137.176,43.3,19.027,11.58,32605.906,227.485,6.82,6.63,79.38,0.888,0.325723633,0.546688711,0.11789985
COD,Africa,Democratic Republic of Congo,12469,332,139.223,3.707,0,0,89561404,35.879,17,3.02,1.745,808.133,318.949,6.1,0.8,60.68,0.457,0.325723633,0.546688711,0.11789985
DNK,Europe,Denmark,76718,816,13245.047,140.879,6994134,1207.508,5792203,136.52,42.3,19.677,12.325,46682.515,114.767,6.41,2.5,80.9,0.929,0.307030602,0.731508894,0.160969937
DJI,Africa,Djibouti,5676,61,5744.928,61.741,0,0,988002,41.285,25.4,4.213,2.38,2705.406,258.037,6.05,1.4,67.11,0.476,0.307030602,0.731508894,0.160969937
DMA,North America,Dominica,85,0,1180.703,0,0,0,71991,98.567,46.2,12.12,12.12,9673.367,227.376,11.62,3.8,75,0.715,0.307030602,0.731508894,0.160969937
DOM,North America,Dominican Republic,141777,2324,13069.529,214.235,687292,63.357,10847904,222.873,27.6,6.981,4.419,14600.861,266.653,8.2,1.6,74.08,0.736,0.13734003,0.341610058,0.156746386
ECU,South America,Ecuador,189534,13358,10742.694,757.125,588759,33.371,17643060,66.939,28.1,7.104,4.458,10581.936,140.448,5.55,1.5,77.01,0.752,0.076270705,0.28728573,0.107929794
EGY,Africa,Egypt,114832,6608,1122.125,64.573,0,0,102334403,97.999,25.3,5.159,2.891,10550.206,525.432,17.31,1.6,71.99,0.696,0.240193057,0.378542812,0.107929794
SLV,North America,El Salvador,38405,1107,5921.031,170.67,529430,81.624,6486201,307.811,27.6,8.273,5.417,7292.458,167.295,8.87,1.3,73.32,0.674,0.087669836,0.260081276,0.079484798
GNQ,Africa,Equatorial Guinea,5146,85,3667.894,60.585,0,0,1402985,45.194,22.4,2.846,1.752,22604.873,202.812,7.78,2.1,58.74,0.591,0.087669836,0.260081276,0.079484798
ERI,Africa,Eritrea,566,0,159.597,0,0,0,3546427,44.304,19.3,3.607,2.171,1510.459,311.11,6.05,0.7,66.32,0.44,0.087669836,0.260081276,0.079484798
EST,Europe,Estonia,11323,104,8535.746,78.4,464025,349.801,1326539,31.033,42.7,19.452,13.491,29481.252,255.569,4.02,4.69,78.74,0.871,0.20070252,0.334368355,0.10938882
ETH,Africa,Ethiopia,108438,1686,943.238,14.666,1615769,14.055,114963583,104.957,19.8,3.526,2.063,1729.927,182.634,7.47,0.3,66.6,0.463,0.153335448,0.42429441,0.59809355
FJI,Oceania,Fiji,38,2,42.39,2.231,15610,17.413,896444,49.562,28.6,6.224,3.284,8702.975,412.82,14.49,2.3,67.44,0.741,0.153335448,0.42429441,0.59809355
FIN,Europe,Finland,23766,393,4289.336,70.929,1880109,339.326,5540718,18.136,42.8,21.228,13.264,40585.721,153.507,5.76,3.28,81.91,0.92,0.350694245,0.731791554,0.158468191
FRA,Europe,France,2196199,51914,33646.098,795.33,0,0,65273512,122.578,42,19.718,13.079,38605.671,86.06,4.77,5.98,82.66,0.901,0.209001797,0.673081852,0.127053779
GAB,Africa,Gabon,9191,59,4129.435,26.508,0,0,2225728,7.859,23.1,4.45,2.976,16562.413,259.967,7.2,6.3,66.47,0.702,0.085589796,0.204761243,0.04807402
GMB,Africa,Gambia,3731,123,1543.864,50.897,0,0,2416664,207.566,17.5,2.339,1.417,1561.767,331.43,1.91,1.1,62.05,0.46,0.085589796,0.204761243,0.04807402
GEO,Asia,Georgia,127942,1195,32072.296,299.561,0,0,3989175,65.032,38.7,14.864,10.244,9745.079,496.218,7.11,2.6,73.77,0.78,0.054578999,0.219180176,0.083186089
DEU,Europe,Germany,1028089,15965,12270.716,190.55,26456866,315.775,83783945,237.016,46.6,21.453,15.957,45229.245,156.139,8.31,8,81.33,0.936,0.246773634,0.666719572,0.164826829
GHA,Africa,Ghana,51225,323,1648.54,10.395,582707,18.753,31072945,126.719,21.1,3.385,1.948,4227.63,298.245,4.97,0.9,64.07,0.592,0.205028239,0.429550844,0.266112433
GRC,Europe,Greece,101287,2102,9717.591,201.668,2332931,223.824,10423056,83.479,45.3,20.396,14.524,24574.382,175.695,4.55,4.21,82.24,0.87,0.095081726,0.292203299,0.022553382
GRD,North America,Grenada,41,0,364.383,0,0,0,112519,317.132,29.4,7.304,5.021,13593.877,243.964,10.71,3.7,72.4,0.772,0.095081726,0.292203299,0.022553382
GTM,North America,Guatemala,121132,4141,6761.271,231.14,519695,29.008,17915567,157.834,22.9,4.694,3.016,7423.808,155.898,10.18,0.6,74.3,0.65,0.080677434,0.300535273,0.109063389
GIN,Africa,Guinea,13039,76,992.858,5.787,0,0,13132792,51.755,19,3.135,1.733,1998.926,336.717,2.42,0.3,61.6,0.459,0.279101653,0.400263478,0.307531054
GNB,Africa,Guinea-Bissau,2422,43,1230.692,21.85,0,0,1967998,66.191,19.4,3.002,1.565,1548.675,382.474,2.42,1,58.32,0.455,0.279101653,0.400263478,0.307531054
GUY,South America,Guyana,5310,149,6750.924,189.433,0,0,786559,3.952,26.3,5.305,2.837,7435.047,373.159,11.62,1.6,69.91,0.654,0.279101653,0.400263478,0.307531054
HTI,North America,Haiti,9264,232,812.451,20.346,0,0,11402533,398.448,24.3,4.8,2.954,1653.173,430.548,6.65,0.7,64,0.498,0.112707144,0.341106316,0.138438149
HND,North America,Honduras,107134,2899,10816.582,292.692,0,0,9904608,82.805,24.9,4.652,2.883,4541.795,240.208,7.21,0.7,75.27,0.617,0.118924543,0.367636467,0.158993564
HKG,Asia,Hong Kong,0,0,0,0,3994873,532.864,7496988,7039.714,44.8,16.303,10.158,56054.92,505.8,8.33,5.4,84.86,0.933,0.118924543,0.367636467,0.158993564
HUN,Europe,Hungary,204708,4516,21190.537,467.478,1601203,165.75,9660350,108.043,43.4,18.577,11.976,26777.561,278.296,7.55,7.02,76.88,0.838,0.124050064,0.29409572,0.155454946
ISL,Europe,Iceland,5346,26,15665.934,76.19,209334,613.433,341250,3.404,37.3,14.431,9.207,46482.958,117.992,5.31,2.91,82.99,0.935,0.317107336,0.68865295,0.141034653
IND,Asia,India,9351109,136200,6776.144,98.695,135931545,98.501,1380004385,450.419,28.2,5.989,3.414,6426.674,282.28,10.39,0.53,69.66,0.64,0.211423743,0.674883225,0.38895052
IDN,Asia,Indonesia,522581,16521,1910.552,60.401,3729561,13.635,273523621,145.725,29.3,5.319,3.053,11188.744,342.864,6.32,1.04,71.72,0.694,0.082426905,0.246716073,0.189434592
IRN,Asia,Iran,922397,47095,10981.838,560.702,5955724,70.907,83992953,49.831,32.4,5.44,3.182,19082.62,270.308,9.59,1.5,76.68,0.798,0.19150675,0.312558491,0.259354145
IRQ,Asia,Iraq,547215,12167,13604.698,302.492,3319514,82.529,40222503,88.125,20,3.186,1.957,15663.986,218.612,8.83,1.4,70.6,0.685,0.187324176,0.224295634,0.078876789
IRL,Europe,Ireland,71699,2043,14520.446,413.747,1919657,388.768,4937796,69.874,38.7,13.928,8.678,67335.293,126.459,3.28,2.96,82.3,0.938,0.386351556,0.629511341,0.156625761
ISR,Asia,Israel,333802,2839,38565.123,327.998,5536330,639.628,8655541,402.606,30.6,11.733,7.359,33132.32,93.32,6.74,2.99,82.97,0.903,0.263850465,0.476260447,0.201772068
ITA,Europe,Italy,1538217,53677,25441.126,887.783,21188898,350.451,60461828,205.859,47.9,23.021,16.24,35220.084,113.151,4.78,3.18,83.51,0.88,0.165725671,0.267384814,0.082060402
JAM,North America,Jamaica,10600,250,3579.677,84.426,111321,37.594,2961161,266.879,31.4,9.684,6.39,8193.571,206.537,11.28,1.7,74.47,0.732,0.045586968,0.184365199,0.137945009
JPN,Asia,Japan,142068,2074,1123.276,16.398,3137158,24.804,126476458,347.778,48.2,27.049,18.493,39002.223,79.37,5.72,13.05,84.63,0.909,0.114433739,0.256363851,0.038373431
JOR,Asia,Jordan,207601,2570,20346.776,251.883,2435340,238.685,10203140,109.285,23.2,3.81,2.361,8337.49,208.257,11.75,1.4,74.53,0.735,0.157217095,0.318027021,0.325622122
KAZ,Asia,Kazakhstan,171979,2430,9159.167,129.416,4305570,229.304,18776707,6.681,30.6,6.991,4.625,24055.588,466.792,7.11,6.7,73.6,0.8,0.183532093,0.305386255,0.288881018
KEN,Africa,Kenya,81656,1441,1518.58,26.799,843103,15.679,53771300,87.324,20,2.686,1.528,2993.028,218.637,2.92,1.4,66.7,0.59,0.09918012,0.35749643,0.256352672
KWT,Asia,Kuwait,141876,874,33221.849,204.657,1068193,250.129,4270563,232.128,33.7,2.345,1.114,65530.537,132.235,15.84,2,75.49,0.803,0.19850336,0.329110475,0.078996425
KGZ,Asia,Kyrgyzstan,71971,1500,11031.406,229.914,0,0,6524191,32.333,26.3,4.489,2.882,3393.474,436.362,7.11,4.5,71.45,0.672,0.107241963,0.254572198,0.185240449
LAO,Asia,Laos,39,0,5.36,0,0,0,7275556,29.715,24.4,4.029,2.322,6397.36,368.111,4,1.5,67.92,0.601,0.157186084,0.440344399,0.185240449
LVA,Europe,Latvia,15808,190,8380.863,100.732,603529,319.971,1886202,31.212,43.9,19.754,14.136,25063.846,350.06,4.91,5.57,75.29,0.847,0.077630311,0.179768082,0.02825401
LBN,Asia,Lebanon,123982,980,18164.684,143.58,0,0,6825442,594.561,31.1,8.514,5.43,13367.565,266.591,12.71,2.9,78.93,0.757,0.195750194,0.356064201,0.040878691
LSO,Africa,Lesotho,2109,44,984.478,20.539,0,0,2142252,73.562,22.2,4.506,2.647,2851.153,405.126,3.94,1.3,54.33,0.52,0.195750194,0.356064201,0.040878691
LBR,Africa,Liberia,1595,83,315.362,16.411,0,0,5057677,49.127,19.2,3.057,1.756,752.788,272.509,2.42,0.8,64.1,0.435,0.210665511,0.358802498,0.295204815
LBY,Africa,Libya,81273,1153,11827.915,167.8,0,0,6871287,3.623,29,4.424,2.816,17881.509,341.862,10.43,3.7,72.91,0.706,0.198337555,0.296786839,0.149553173
LTU,Europe,Lithuania,58212,482,21383.46,177.057,1211062,444.869,2722291,45.135,43.5,19.002,13.778,29524.265,342.989,3.67,6.56,75.93,0.858,0.167257011,0.382027749,0.092221594
LUX,Europe,Luxembourg,33409,300,53371.056,479.252,1338559,2138.355,625976,231.447,39.7,14.312,9.842,94277.965,128.275,4.42,4.51,82.25,0.904,0.205071252,0.657527501,0.326534436
MKD,Europe,Macedonia,59701,1658,28655.838,795.822,322675,154.881,2083380,82.6,39.1,13.26,8.16,13111.214,322.688,10.08,4.28,75.8,0.757,0.053522089,0.263815689,0.094037885
MDG,Africa,Madagascar,17341,251,626.232,9.064,93734,3.385,27691019,43.951,19.6,2.929,1.686,1416.44,405.994,3.94,0.2,67.04,0.519,0.100655532,0.320037338,0.13868997
MWI,Africa,Malawi,6024,185,314.899,9.671,70613,3.691,19129955,197.519,18.1,2.979,1.783,1095.042,227.349,3.94,1.3,64.26,0.477,0.217121376,0.541266517,0.365908994
MYS,Asia,Malaysia,61861,350,1911.296,10.814,2577387,79.633,32365998,96.254,29.9,6.293,3.407,26808.164,260.942,16.74,1.9,76.16,0.802,0.142040449,0.678811598,0.360432734
MDV,Asia,Maldives,12933,46,23925.985,85.1,233789,432.508,540542,1454.433,30.6,4.12,2.875,15183.616,164.905,9.19,4.3,78.92,0.717,0.142040449,0.678811598,0.360432734
MLI,Africa,Mali,4567,149,225.522,7.358,0,0,20250834,15.196,16.4,2.519,1.486,2014.306,268.024,2.42,0.1,59.31,0.427,0.203228776,0.484125652,0.274090724
MLT,Europe,Malta,9501,128,21517.918,289.895,398426,902.357,441539,1454.037,42.4,19.426,11.324,36513.323,168.711,8.83,4.485,82.53,0.878,0.338145258,0.726638221,0.414217106
MHL,Oceania,Marshall Islands,4,0,67.574,0,0,0,59194,295.15,23.8,4.7,4.7,3819.202,557.793,30.53,2.7,73.7,0.708,0.338145258,0.726638221,0.414217106
MRT,Africa,Mauritania,8426,172,1812.176,36.992,100792,21.677,4649660,4.289,20.3,3.138,1.792,3597.633,232.347,2.42,0.4,64.92,0.52,0.026152785,0.171685895,0.083282179
MUS,Africa,Mauritius,501,10,393.94,7.863,0,0,1271767,622.962,37.4,10.945,5.884,20292.745,224.644,22.02,3.4,74.99,0.79,0.099185041,0.16508189,0.134029002
MEX,North America,Mexico,1078594,104242,8365.555,808.499,2209596,17.138,128932753,66.444,29.3,6.857,4.321,17336.469,152.783,13.06,1.38,75.05,0.774,0.112463912,0.362039095,0.068184312
MDA,Europe,Moldova,104140,2250,25815.804,557.764,0,0,4033963,123.655,37.6,10.864,6.955,5189.972,408.502,5.72,5.8,71.9,0.7,0.048569453,0.208925523,0.050368697
MNG,Asia,Mongolia,760,0,231.828,0,0,0,3278292,1.98,28.6,4.031,2.421,11840.846,460.043,4.82,7,69.87,0.741,0.113748361,0.299127024,0.068626485
MNE,Europe,Montenegro,33836,474,53873.662,754.703,0,0,628062,46.28,39.1,14.762,9.395,16409.288,387.305,10.08,3.861,76.88,0.814,0.029787112,0.190151713,0.123363432
MAR,Africa,Morocco,345276,5689,9354.397,154.129,3833549,103.86,36910558,80.08,29.6,6.769,4.209,7485.013,419.146,7.14,1.1,76.68,0.667,0.143842676,0.184151194,0.121550335
MOZ,Africa,Mozambique,15506,128,496.106,4.095,225762,7.223,31255435,37.728,17.7,3.158,1.87,1136.103,329.942,3.3,0.7,60.85,0.437,0.263627602,0.634621528,0.621884874
MMR,Asia,Myanmar,86633,1865,1592.232,34.277,317765,5.84,54409794,81.721,29.1,5.732,3.12,5591.597,202.104,4.61,0.9,67.13,0.578,0.294906886,0.492842357,0.494463794
NAM,Africa,Namibia,14207,149,5591.291,58.64,150394,59.189,2540916,3.078,22,3.552,2.085,9541.808,243.811,3.94,2.7,63.71,0.647,0.064776689,0.325220998,0.201141895
NPL,Asia,Nepal,229343,1435,7871.247,49.25,1681299,57.704,29136808,204.43,25,5.809,3.212,2442.804,260.797,7.26,0.3,70.78,0.574,0.144632379,0.375123405,0.188059012
NLD,Europe,Netherlands,508243,9254,29661.323,540.068,3385579,197.584,17134873,508.544,43.2,18.779,11.881,48472.545,109.361,5.29,3.32,82.28,0.931,0.284297249,0.736343613,0.198056107
NZL,Oceania,New Zealand,1694,25,351.29,5.184,1266944,262.73,4822233,18.206,37.9,15.322,9.72,36085.843,128.797,8.08,2.61,82.29,0.917,0.320485568,0.64623092,0.164564163
NIC,North America,Nicaragua,5784,160,873.115,24.153,0,0,6624554,51.667,27.3,5.445,3.519,5321.444,137.016,11.47,0.9,74.48,0.658,0.076894906,0.30620089,0.144338985
NER,Africa,Niger,1472,70,60.81,2.892,0,0,24206636,16.955,15.1,2.553,1.378,926,238.339,2.42,0.3,62.42,0.354,0.390084059,0.553609552,0.496171037
NGA,Africa,Nigeria,67220,1171,326.09,5.681,756237,3.669,206139587,209.588,18.1,2.751,1.447,5338.454,181.013,2.42,0.5,54.69,0.532,0.186153756,0.366316447,0.144858755
NOR,Europe,Norway,34747,328,6409.417,60.503,2199978,405.807,5421242,14.462,39.7,16.821,10.813,64800.057,114.316,5.31,3.6,82.4,0.953,0.377633499,0.775389238,0.509672613
OMN,Asia,Oman,122579,1391,24003.931,272.391,0,0,5106622,14.98,30.7,2.355,1.53,37960.709,266.342,12.61,1.6,77.86,0.821,0.377633499,0.775389238,0.509672613
PAK,Asia,Pakistan,392356,7942,1776.232,35.954,5435139,24.605,220892331,255.573,23.5,4.495,2.78,5034.708,423.031,8.35,0.6,67.27,0.562,0.106983495,0.362420092,0.151199714
PSE,Asia,Palestine,90732,763,17785.65,149.566,0,0,5101416,778.202,20.4,3.043,1.726,4449.898,265.91,10.59,1.2,74.05,0.686,0.157622087,0.248905486,0.174222673
PAN,North America,Panama,161744,3030,37486.141,702.239,866002,200.707,4314768,55.133,29.7,7.918,5.03,22267.037,128.346,8.33,2.3,78.51,0.789,0.072376444,0.262888923,0.046139922
PNG,Oceania,Papua New Guinea,645,7,72.091,0.782,0,0,8947027,18.22,22.6,3.808,2.142,3823.194,561.494,17.65,4,64.5,0.544,0.072376444,0.262888923,0.046139922
PRY,South America,Paraguay,80436,1720,11277.345,241.149,432048,60.574,7132530,17.144,26.5,6.378,3.833,8827.01,199.128,8.27,1.3,74.25,0.702,0.082562389,0.319412455,0.122340418
PER,South America,Peru,958324,35839,29064.918,1086.958,1175014,35.637,32971846,25.129,29.1,7.151,4.455,12236.706,85.755,5.95,1.6,76.74,0.75,0.051657333,0.16475328,0.038859971
PHL,Asia,Philippines,425918,8255,3886.784,75.332,5298732,48.354,109581085,351.873,25.2,4.803,2.661,7599.188,370.437,7.07,1,71.23,0.699,0.319021368,0.586930377,0.376806241
POL,Europe,Poland,958416,16147,25323.698,426.643,5881914,155.415,37846605,124.027,41.8,16.763,10.202,27216.445,227.331,5.91,6.62,78.73,0.865,0.189020569,0.324872965,0.11545551
PRT,Europe,Portugal,285838,4276,28032.383,419.351,4319421,423.609,10196707,112.371,46.2,21.502,14.924,27936.896,127.842,9.85,3.39,82.05,0.847,0.336364745,0.541223812,0.089142521
PRI,North America,Puerto Rico,89253,1076,31198.18,376.113,0,0,2860840,376.232,38.2,15.168,9.829,35044.67,108.094,12.9,3.3,80.1,0.845,0.336364745,0.541223812,0.089142521
QAT,Asia,Qatar,138250,237,47985.811,82.261,1067758,370.613,2881060,227.322,31.9,1.307,0.617,116935.6,176.69,16.52,1.2,80.23,0.856,0.336364745,0.541223812,0.089142521
ROU,Europe,Romania,457848,10884,23799.541,565.765,4048536,210.448,19237682,85.129,43,17.85,11.69,23313.199,370.946,9.74,6.892,76.05,0.811,0.214657122,0.384062384,0.110239682
RUS,Europe,Russia,2242633,39068,15367.398,267.709,74814909,512.661,145934460,8.823,39.6,14.178,9.393,24765.954,431.297,6.18,8.05,72.58,0.816,0.135706408,0.229705883,0.210783642
RWA,Africa,Rwanda,5872,47,453.359,3.629,617258,47.657,12952209,494.869,20.3,2.974,1.642,1854.211,191.375,4.28,1.6,69.02,0.524,0.215463312,0.719632274,0.839613424
KNA,North America,Saint Kitts and Nevis,22,0,413.596,0,0,0,53192,212.865,35.5,10,10,24654.385,115.3,12.84,2.3,76.23,0.778,0.215463312,0.719632274,0.839613424
LCA,North America,Saint Lucia,246,2,1339.658,10.892,0,0,183629,293.187,34.9,9.721,6.405,12951.839,204.62,11.62,1.3,76.2,0.747,0.215463312,0.719632274,0.839613424
VCT,North America,Saint Vincent and the Grenadines,85,0,766.132,0,0,0,110947,281.787,31.8,7.724,4.832,10727.146,252.675,11.62,2.6,72.53,0.723,0.215463312,0.719632274,0.839613424
SMR,Europe,San Marino,1395,43,41104.367,1267.016,0,0,33938,556.667,48,20.2,20.2,56861.47,400,5.64,3.8,84.97,0.875,0.215463312,0.719632274,0.839613424
STP,Africa,Sao Tome and Principe,985,17,4494.413,77.569,0,0,219161,212.841,18.7,2.886,2.162,3052.714,270.113,2.42,2.9,70.39,0.589,0.215463312,0.719632274,0.839613424
SAU,Asia,Saudi Arabia,356691,5857,10245.659,168.238,9453444,271.542,34813867,15.322,31.9,3.295,1.845,49045.411,259.538,17.72,2.7,75.13,0.853,0.275512236,0.385804986,0.839613424
SEN,Africa,Senegal,15981,332,954.435,19.828,231539,13.828,16743930,82.328,18.7,3.008,1.796,2470.58,241.219,2.42,0.3,67.94,0.505,0.114601322,0.419724657,0.162431863
SRB,Europe,Serbia,155994,1423,22924.8,209.123,1703985,250.417,6804596,80.291,41.2,17.366,17.366,14048.881,439.415,10.08,5.609,76,0.787,0.092436415,0.301256163,0.126894859
SYC,Africa,Seychelles,173,0,1759.203,0,0,0,98340,208.354,36.2,8.606,5.586,26382.287,242.648,10.55,3.6,73.4,0.797,0.092436415,0.301256163,0.126894859
SLE,Africa,Sierra Leone,2410,74,302.119,9.277,0,0,7976985,104.7,19.1,2.538,1.285,1390.3,325.721,2.42,0.4,54.7,0.419,0.136710437,0.411600205,0.423392177
SGP,Asia,Singapore,58199,28,9947.964,4.786,4448110,760.316,5850343,7915.731,42.4,12.922,7.049,85535.383,92.243,10.99,2.4,83.62,0.932,0.221204239,0.540632466,0.341870944
SVK,Europe,Slovakia,103106,771,18885.118,141.218,1056143,193.445,5459643,113.128,41.2,15.07,9.167,30155.152,287.959,7.29,5.82,77.54,0.855,0.17636658,0.305843332,0.069601371
SVN,Europe,Slovenia,72674,883,34957.372,424.737,505290,243.053,2078932,102.619,44.5,19.062,12.93,31400.84,153.493,7.25,4.5,81.32,0.896,0.155883711,0.460672927,0.030112407
SLB,Oceania,Solomon Islands,17,0,24.75,0,0,0,686878,21.841,20.8,3.507,2.043,2205.923,459.78,18.68,1.4,73,0.546,0.155883711,0.460672927,0.030112407
SOM,Africa,Somalia,4445,113,279.679,7.11,0,0,15893219,23.5,16.8,2.731,1.496,315,365.769,6.05,0.9,57.4,0.285,0.155883711,0.460672927,0.030112407
ZAF,Africa,South Africa,781941,21378,13184.257,360.453,5383078,90.764,59308690,46.754,27.3,5.344,3.053,12294.876,200.38,5.52,2.32,64.13,0.699,0.132319491,0.458249359,0.186397873
KOR,Asia,South Korea,33375,522,650.976,10.182,2973210,57.992,51269183,527.967,43.4,13.914,8.622,35938.374,85.998,6.8,12.27,83.03,0.903,0.144754367,0.590815925,0.102309396
ESP,Europe,Spain,1628208,44668,34824.416,955.367,17249511,368.936,46754783,93.105,45.5,19.436,13.799,34272.36,99.403,7.17,2.97,83.56,0.891,0.144754367,0.590815925,0.052697029
LKA,Asia,Sri Lanka,22501,107,1050.798,4.997,790896,36.935,21413250,341.955,34.1,10.069,5.331,11669.077,197.093,10.68,3.6,76.98,0.77,0.144754367,0.590815925,0.154630602
SDN,Africa,Sudan,16864,1215,384.59,27.709,0,0,43849269,23.258,19.7,3.548,2.034,4466.507,431.388,15.67,0.8,65.31,0.502,0.144754367,0.590815925,0.305232591
SUR,South America,Suriname,5311,117,9053.345,199.443,0,0,586634,3.612,29.6,6.933,4.229,13767.119,258.314,12.54,3.1,71.68,0.72,0.144754367,0.590815925,0.305232591
SWZ,Africa,Swaziland,6362,120,5483.707,103.434,0,0,1160164,79.492,21.5,3.163,1.845,7738.975,333.436,3.94,2.1,60.19,0.588,0.144754367,0.590815925,0.305232591
SWE,Europe,Sweden,243129,6681,24073.918,661.533,0,0,10099270,24.718,41,19.985,13.433,46949.283,133.982,4.79,2.22,82.8,0.933,0.263300412,0.658141233,0.173951698
CHE,Europe,Switzerland,317017,4236,36629.809,489.45,2652082,306.435,8654618,214.243,43.1,18.436,12.644,57410.166,99.739,5.59,4.53,83.78,0.944,0.17144576,0.636048796,0.321026283
TWN,Asia,Taiwan,603,7,25.318,0.294,106075,4.454,23816775,673,42.2,15.72,8.353,26910,103.957,8.8,69.83,80.46,0.907,0.043676758,0.294644847,0.050386831
TJK,Asia,Tajikistan,12082,86,1266.77,9.017,0,0,9537642,64.281,23.3,3.466,2.155,2896.913,427.698,7.11,4.8,71.1,0.65,0.42226429,0.759186411,0.050386831
TZA,Africa,Tanzania,509,21,8.521,0.352,0,0,59734213,64.699,17.7,3.108,1.874,2683.304,217.288,5.75,0.7,65.46,0.538,0.305503029,0.52306619,0.555466562
THA,Asia,Thailand,3966,60,56.82,0.86,1215725,17.417,69799978,135.132,40.1,11.373,6.89,16277.671,109.861,7.04,2.1,77.15,0.755,0.092401734,0.524727022,0.220850177
TLS,Asia,Timor,30,0,22.754,0,0,0,1318442,87.176,18,3.556,1.897,6570.102,335.346,6.86,5.9,69.5,0.625,0.335762108,0.62979485,0.554615491
TGO,Africa,Togo,2926,64,353.436,7.731,146446,17.689,8278737,143.366,19.4,2.839,1.525,1429.813,280.033,6.15,0.7,61.04,0.503,0.009703225,0.151342209,0.042581281
TTO,North America,Trinidad and Tobago,6586,118,4705.997,84.316,36241,25.896,1399491,266.886,36.2,10.014,5.819,28763.071,228.467,10.97,3,73.51,0.784,0.009703225,0.151342209,0.042581281
TUN,Africa,Tunisia,93770,3106,7934.092,262.806,225033,19.041,11818618,74.228,32.7,8.001,5.075,10849.297,318.991,8.52,2.3,76.7,0.735,0.150735745,0.345273529,0.082344079
TUR,Asia,Turkey,481198,13191,5705.517,156.404,17901868,212.261,84339067,104.914,31.6,8.153,5.061,25129.341,171.285,12.13,2.81,77.69,0.791,0.146499962,0.434849383,0.303898191
UGA,Africa,Uganda,19588,197,428.237,4.307,618783,13.528,45741000,213.759,16.4,2.168,1.308,1697.707,213.333,2.5,0.5,63.37,0.516,0.180125386,0.403636508,0.249280766
UKR,Europe,Ukraine,693407,11909,15855.189,272.307,4419791,101.061,43733759,77.39,41.4,16.462,11.133,7894.393,539.849,7.11,8.8,72.06,0.751,0.096179948,0.138758892,0.021384849
ARE,Asia,United Arab Emirates,165250,567,16708.121,57.328,16354779,1653.601,9890400,112.442,34,1.144,0.526,67293.483,317.84,17.26,1.2,77.97,0.863,0.266901891,0.412933219,0.021384849
GBR,Europe,United Kingdom,1589301,57551,23411.321,847.759,36637685,539.694,67886004,272.898,40.8,18.517,12.527,39753.244,122.137,4.28,2.54,81.32,0.922,0.35379668,0.659692782,0.117175653
USA,North America,United States,13091758,264859,39551.823,800.172,181506865,548.355,331002647,35.608,38.3,15.413,9.732,54225.446,151.089,10.79,2.77,78.86,0.924,0.254170255,0.507068378,0.094413552
VIR,North America,United States Virgin Islands,1521,23,14565.757,220.258,0,0,104423,306.48,42.2,18.601,10.799,35938,273.67,12.26,18.7,80.58,0.894,0.254170255,0.507068378,0.094413552
URY,South America,Uruguay,5303,74,1526.602,21.303,420422,121.029,3473727,19.751,35.6,14.655,10.361,20551.409,160.708,6.93,2.8,77.91,0.804,0.196128482,0.436329755,0.13019159
UZB,Asia,Uzbekistan,72409,607,2163.452,18.136,0,0,33469199,76.134,28.2,4.469,2.873,6253.104,724.417,7.57,4,71.72,0.71,0.542721876,0.612246179,0.905022284
VEN,South America,Venezuela,101215,884,3559.404,31.087,0,0,28435943,36.253,29,6.614,3.915,16745.022,204.85,6.47,0.8,72.06,0.761,0.16847115,0.281364035,0.119005632
VNM,Asia,Vietnam,1339,35,13.756,0.36,1260799,12.953,97338583,308.127,32.6,7.15,4.718,6171.884,245.465,6,2.6,75.4,0.694,0.042596298,0.229976905,0.119005632
YEM,Asia,Yemen,2148,614,72.018,20.586,0,0,29825968,53.508,20.3,2.922,1.583,1479.147,495.003,5.35,0.7,66.12,0.452,0.175097189,0.270678297,0.14693912
ZMB,Africa,Zambia,17569,357,955.67,19.419,382915,20.829,18383956,22.995,17.7,2.48,1.542,3689.251,234.499,3.94,2,63.89,0.588,0.171863056,0.563968541,0.373231361
ZWE,Africa,Zimbabwe,9714,275,653.572,18.502,164619,11.076,14862927,42.729,19.6,2.822,1.882,1899.775,307.846,1.82,1.7,61.49,0.535,0.082426905,0.246716073,0.189434592
